Workbook

Sheet 08_ResidentHouseholdsbyPlanning
A1: Planning Area | B1: Total | C1: NoEmployedPerson | D1: Below_1_000 | E1: 1_000_1_999 | F1: 2_000_2_999 | G1: 3_000_3_999 | H1: 4_000_4_999 | I1: 5_000_5_999 | J1: 6_000_6_999 | K1: 7_000_7_999 | L1: 8_000_8_999 | M1: 9_000_9_999 | N1: 10_000_10_999 | O1: 11_000_11_999 | P1: 12_000_12_999 | Q1: 13_000_13_999 | R1: 14_000_14_999 | S1: 15_000_17_499 | T1: 17_500_19_999 | U1: 20_000andOver
A2: Total | B2: 1372559 | C2: 182445 | D2: 26987 | E2: 70518 | F2: 69178 | G2: 74176 | H2: 70563 | I2: 73237 | J2: 68600 | K2: 65964 | L2: 62602 | M2: 59540 | N2: 55098 | O2: 49147 | P2: 44133 | Q2: 40473 | R2: 36066 | S2: 77041 | T2: 55319 | U2: 191473
A3: Ang Mo Kio | B3: 60220 | C3: 11455 | D3: 1563 | E3: 4228 | F3: 3557 | G3: 4035 | H3: 3355 | I3: 3160 | J3: 2930 | K3: 2642 | L3: 2253 | M3: 2307 | N3: 1923 | O3: 1859 | P3: 1332 | Q3: 1402 | R3: 1222 | S3: 2648 | T3: 1815 | U3: 6532
A4: Bedok | B4: 97551 | C4: 16818 | D4: 2203 | E4: 5278 | F4: 5220 | G4: 5515 | H4: 4672 | I4: 5050 | J4: 3898 | K4: 4251 | L4: 3360 | M4: 3712 | N4: 3266 | O4: 2685 | P4: 2624 | Q4: 2515 | R4: 1932 | S4: 4056 | T4: 3329 | U4: 17168
A5: Bishan | B5: 29445 | C5: 4412 | D5: 508 | E5: 983 | F5: 910 | G5: 1252 | H5: 983 | I5: 1232 | J5: 1288 | K5: 1097 | L5: 1040 | M5: 986 | N5: 944 | O5: 970 | P5: 892 | Q5: 862 | R5: 777 | S5: 1855 | T5: 1558 | U5: 6896
A6: Bukit Batok | B6: 54297 | C6: 5983 | D6: 847 | E6: 3328 | F6: 3006 | G6: 3160 | H6: 3164 | I6: 3222 | J6: 2670 | K6: 2783 | L6: 2751 | M6: 2371 | N6: 2017 | O6: 2197 | P6: 1529 | Q6: 1544 | R6: 1533 | S6: 2953 | T6: 2097 | U6: 7142
A7: Bukit Merah | B7: 59700 | C7: 12444 | D7: 1899 | E7: 4583 | F7: 3464 | G7: 3463 | H7: 2339 | I7: 2541 | J7: 2204 | K7: 2238 | L7: 1828 | M7: 1801 | N7: 1981 | O7: 1704 | P7: 1564 | Q7: 1340 | R7: 1328 | S7: 3190 | T7: 1994 | U7: 7794
A8: Bukit Panjang | B8: 43580 | C8: 4389 | D8: 656 | E8: 1664 | F8: 2411 | G8: 2562 | H8: 2496 | I8: 2626 | J8: 2543 | K8: 2438 | L8: 2536 | M8: 2039 | N8: 1736 | O8: 1666 | P8: 1661 | Q8: 1133 | R8: 1135 | S8: 2574 | T8: 1900 | U8: 5416
A9: Bukit Timah | B9: 24612 | C9: 3846 | D9: 294 | E9: 364 | F9: 455 | G9: 349 | H9: 482 | I9: 552 | J9: 485 | K9: 630 | L9: 561 | M9: 503 | N9: 610 | O9: 530 | P9: 484 | Q9: 459 | R9: 470 | S9: 1248 | T9: 1096 | U9: 11195
A10: Choa Chu Kang | B10: 58024 | C10: 4463 | D10: 893 | E10: 2065 | F10: 2776 | G10: 2860 | H10: 3067 | I10: 3326 | J10: 3360 | K10: 3451 | L10: 3261 | M10: 3095 | N10: 2821 | O10: 2581 | P10: 2164 | Q10: 2075 | R10: 2177 | S10: 4052 | T10: 2948 | U10: 6588
A11: Clementi | B11: 33609 | C11: 5990 | D11: 804 | E11: 1656 | F11: 1508 | G11: 1548 | H11: 1419 | I11: 1593 | J11: 1535 | K11: 1362 | L11: 1215 | M11: 1105 | N11: 1194 | O11: 1000 | P11: 915 | Q11: 917 | R11: 717 | S11: 1752 | T11: 1333 | U11: 6045
A12: Downtown Core | B12: 1547 | C12: 175 | D12: 21 | E12: 22 | F12: 32 | G12: 25 | H12: 47 | I12: 48 | J12: 45 | K12: 20 | L12: 49 | M12: 47 | N12: 53 | O12: 47 | P12: 49 | Q12: 47 | R12: 16 | S12: 102 | T12: 70 | U12: 632
A13: Geylang | B13: 42060 | C13: 6991 | D13: 1030 | E13: 2826 | F13: 2849 | G13: 2671 | H13: 2383 | I13: 2362 | J13: 2113 | K13: 1652 | L13: 1622 | M13: 1616 | N13: 1586 | O13: 1398 | P13: 1056 | Q13: 922 | R13: 954 | S13: 1764 | T13: 1316 | U13: 4946
... A33: Others | B33: 12233 | C33: 1698 | D33: 139 | E33: 489 | F33: 576 | G33: 398 | H33: 436 | I33: 555 | J33: 563 | K33: 256 | L33: 510 | M33: 375 | N33: 415 | O33: 352 | P33: 267 | Q33: 106 | R33: 219 | S33: 625 | T33: 564 | U33: 3691
A35: Household Income by Planning Area

Sheet dictionary
B2: ■Note
B3: Shows the number of households by income group for each of the 31 planning areas. The figures represent households, not population.
B4: The data is from 2020, so it is somewhat outdated.
B5: Be careful with the area classification, as the definition or boundaries of planning areas may differ across datasets.
B7: ■Dataset
B8: No missing values, no outliers, no duplicates
B9: It provides information about the characteristics of residents living in each area, based on household income.
B10: If we use this data, we need to reshape it from wide format to long format.
B11: We also need to decide whether to use the number of households or the percentage/share of households in each income group.
A14: # | B14: Column | C14: Definition
A15: 1 | B15: Planning Area | C15: Planning area of residence (31 areas)
A16: 2 | B16: Total | C16: Total number of resident households
A17: 3 | B17: NoEmployedPerson | C17: Number of resident households with no employed person
A18: 4 | B18: Below_1_000 | C18: Number of resident households with monthly household income from work below S$1,000
A19: 5 | B19: 1_000_1_999 | C19: Number of resident households with monthly household income from work between S$1,000 and S$1,999
A20: 6 | B20: 2_000_2_999 | C20: Number of resident households with monthly household income from work between S$2,000 and S$2,999
A21: 7 | B21: 3_000_3_999 | C21: Number of resident households with monthly household income from work between S$3,000 and S$3,999
A22: 8 | B22: 4_000_4_999 | C22: Number of resident households with monthly household income from work between S$4,000 and S$4,999
A23: 9 | B23: 5_000_5_999 | C23: Number of resident households with monthly household income from work between S$5,000 and S$5,999
A24: 10 | B24: 6_000_6_999 | C24: Number of resident households with monthly household income from work between S$6,000 and S$6,999
A25: 11 | B25: 7_000_7_999 | C25: Number of resident households with monthly household income from work between S$7,000 and S$7,999
A26: 12 | B26: 8_000_8_999 | C26: Number of resident households with monthly household income from work between S$8,000 and S$8,999
... A35: 21 | B35: 20_000andOver | C35: Number of resident households with monthly household income from work of S$20,000 and above

Sheet reference ->

Sheet 100% Horizontal
A1: Number | B1: Total | C1: NoEmployedPerson | D1: Below_1_000 | E1: 1_000_1_999 | F1: 2_000_2_999 | G1: 3_000_3_999 | H1: 4_000_4_999 | I1: 5_000_5_999 | J1: 6_000_6_999 | K1: 7_000_7_999 | L1: 8_000_8_999 | M1: 9_000_9_999 | N1: 10_000_10_999 | O1: 11_000_11_999 | P1: 12_000_12_999 | Q1: 13_000_13_999 | R1: 14_000_14_999 | S1: 15_000_17_499 | T1: 17_500_19_999 | U1: 20_000andOver
A2: Total | B2: =SUM(C2:U2) -> 1.0000007 | C2: ='08_ResidentHouseholdsbyPlanning'!C2/'08_ResidentHouseholdsbyPlanning'!$B2 -> 0.13292325 | D2: ='08_ResidentHouseholdsbyPlanning'!D2/'08_ResidentHouseholdsbyPlanning'!$B2 -> 0.019661814 | E2: ='08_ResidentHouseholdsbyPlanning'!E2/'08_ResidentHouseholdsbyPlanning'!$B2 -> 0.051377026 | F2: ='08_ResidentHouseholdsbyPlanning'!F2/'08_ResidentHouseholdsbyPlanning'!$B2 -> 0.050400748 | G2: ='08_ResidentHouseholdsbyPlanning'!G2/'08_ResidentHouseholdsbyPlanning'!$B2 -> 0.054042121 | H2: ='08_ResidentHouseholdsbyPlanning'!H2/'08_ResidentHouseholdsbyPlanning'!$B2 -> 0.051409812 | I2: ='08_ResidentHouseholdsbyPlanning'!I2/'08_ResidentHouseholdsbyPlanning'!$B2 -> 0.053357998 | J2: ='08_ResidentHouseholdsbyPlanning'!J2/'08_ResidentHouseholdsbyPlanning'!$B2 -> 0.049979637 | ... U2: ='08_ResidentHouseholdsbyPlanning'!U2/'08_ResidentHouseholdsbyPlanning'!$B2 -> 0.13950074
A3: Ang Mo Kio | B3: =SUM(C3:U3) -> 0.99996679 | C3: ='08_ResidentHouseholdsbyPlanning'!C3/'08_ResidentHouseholdsbyPlanning'!$B3 -> 0.1902192 | D3: ='08_ResidentHouseholdsbyPlanning'!D3/'08_ResidentHouseholdsbyPlanning'!$B3 -> 0.025954832 | E3: ='08_ResidentHouseholdsbyPlanning'!E3/'08_ResidentHouseholdsbyPlanning'!$B3 -> 0.070209233 | F3: ='08_ResidentHouseholdsbyPlanning'!F3/'08_ResidentHouseholdsbyPlanning'!$B3 -> 0.059066755 | G3: ='08_ResidentHouseholdsbyPlanning'!G3/'08_ResidentHouseholdsbyPlanning'!$B3 -> 0.067004318 | H3: ='08_ResidentHouseholdsbyPlanning'!H3/'08_ResidentHouseholdsbyPlanning'!$B3 -> 0.055712388 | I3: ='08_ResidentHouseholdsbyPlanning'!I3/'08_ResidentHouseholdsbyPlanning'!$B3 -> 0.052474261 | J3: ='08_ResidentHouseholdsbyPlanning'!J3/'08_ResidentHouseholdsbyPlanning'!$B3 -> 0.048654932 | ... U3: ='08_ResidentHouseholdsbyPlanning'!U3/'08_ResidentHouseholdsbyPlanning'!$B3 -> 0.10846895
A4: Bedok | B4: =SUM(C4:U4) -> 1.0000103 | C4: ='08_ResidentHouseholdsbyPlanning'!C4/'08_ResidentHouseholdsbyPlanning'!$B4 -> 0.17240213 | D4: ='08_ResidentHouseholdsbyPlanning'!D4/'08_ResidentHouseholdsbyPlanning'!$B4 -> 0.022583059 | E4: ='08_ResidentHouseholdsbyPlanning'!E4/'08_ResidentHouseholdsbyPlanning'!$B4 -> 0.054105032 | F4: ='08_ResidentHouseholdsbyPlanning'!F4/'08_ResidentHouseholdsbyPlanning'!$B4 -> 0.053510471 | G4: ='08_ResidentHouseholdsbyPlanning'!G4/'08_ResidentHouseholdsbyPlanning'!$B4 -> 0.056534531 | H4: ='08_ResidentHouseholdsbyPlanning'!H4/'08_ResidentHouseholdsbyPlanning'!$B4 -> 0.047892897 | I4: ='08_ResidentHouseholdsbyPlanning'!I4/'08_ResidentHouseholdsbyPlanning'!$B4 -> 0.051767793 | J4: ='08_ResidentHouseholdsbyPlanning'!J4/'08_ResidentHouseholdsbyPlanning'!$B4 -> 0.039958586 | ... U4: ='08_ResidentHouseholdsbyPlanning'!U4/'08_ResidentHouseholdsbyPlanning'!$B4 -> 0.17598999
A5: Bishan | B5: =SUM(C5:U5) -> 1 | C5: ='08_ResidentHouseholdsbyPlanning'!C5/'08_ResidentHouseholdsbyPlanning'!$B5 -> 0.14983868 | D5: ='08_ResidentHouseholdsbyPlanning'!D5/'08_ResidentHouseholdsbyPlanning'!$B5 -> 0.017252505 | E5: ='08_ResidentHouseholdsbyPlanning'!E5/'08_ResidentHouseholdsbyPlanning'!$B5 -> 0.033384276 | F5: ='08_ResidentHouseholdsbyPlanning'!F5/'08_ResidentHouseholdsbyPlanning'!$B5 -> 0.030905077 | G5: ='08_ResidentHouseholdsbyPlanning'!G5/'08_ResidentHouseholdsbyPlanning'!$B5 -> 0.042519952 | H5: ='08_ResidentHouseholdsbyPlanning'!H5/'08_ResidentHouseholdsbyPlanning'!$B5 -> 0.033384276 | I5: ='08_ResidentHouseholdsbyPlanning'!I5/'08_ResidentHouseholdsbyPlanning'!$B5 -> 0.04184072 | J5: ='08_ResidentHouseholdsbyPlanning'!J5/'08_ResidentHouseholdsbyPlanning'!$B5 -> 0.043742571 | ... U5: ='08_ResidentHouseholdsbyPlanning'!U5/'08_ResidentHouseholdsbyPlanning'!$B5 -> 0.23419935
A6: Bukit Batok | B6: =SUM(C6:U6) -> 1 | C6: ='08_ResidentHouseholdsbyPlanning'!C6/'08_ResidentHouseholdsbyPlanning'!$B6 -> 0.11019025 | D6: ='08_ResidentHouseholdsbyPlanning'!D6/'08_ResidentHouseholdsbyPlanning'!$B6 -> 0.015599389 | E6: ='08_ResidentHouseholdsbyPlanning'!E6/'08_ResidentHouseholdsbyPlanning'!$B6 -> 0.061292521 | F6: ='08_ResidentHouseholdsbyPlanning'!F6/'08_ResidentHouseholdsbyPlanning'!$B6 -> 0.055362175 | G6: ='08_ResidentHouseholdsbyPlanning'!G6/'08_ResidentHouseholdsbyPlanning'!$B6 -> 0.058198427 | H6: ='08_ResidentHouseholdsbyPlanning'!H6/'08_ResidentHouseholdsbyPlanning'!$B6 -> 0.058272096 | I6: ='08_ResidentHouseholdsbyPlanning'!I6/'08_ResidentHouseholdsbyPlanning'!$B6 -> 0.059340295 | J6: ='08_ResidentHouseholdsbyPlanning'!J6/'08_ResidentHouseholdsbyPlanning'!$B6 -> 0.049173988 | ... U6: ='08_ResidentHouseholdsbyPlanning'!U6/'08_ResidentHouseholdsbyPlanning'!$B6 -> 0.13153581
A7: Bukit Merah | B7: =SUM(C7:U7) -> 0.99998325 | C7: ='08_ResidentHouseholdsbyPlanning'!C7/'08_ResidentHouseholdsbyPlanning'!$B7 -> 0.20844221 | D7: ='08_ResidentHouseholdsbyPlanning'!D7/'08_ResidentHouseholdsbyPlanning'!$B7 -> 0.031809045 | E7: ='08_ResidentHouseholdsbyPlanning'!E7/'08_ResidentHouseholdsbyPlanning'!$B7 -> 0.076767169 | F7: ='08_ResidentHouseholdsbyPlanning'!F7/'08_ResidentHouseholdsbyPlanning'!$B7 -> 0.058023451 | G7: ='08_ResidentHouseholdsbyPlanning'!G7/'08_ResidentHouseholdsbyPlanning'!$B7 -> 0.0580067 | H7: ='08_ResidentHouseholdsbyPlanning'!H7/'08_ResidentHouseholdsbyPlanning'!$B7 -> 0.039179229 | I7: ='08_ResidentHouseholdsbyPlanning'!I7/'08_ResidentHouseholdsbyPlanning'!$B7 -> 0.042562814 | J7: ='08_ResidentHouseholdsbyPlanning'!J7/'08_ResidentHouseholdsbyPlanning'!$B7 -> 0.036917923 | ... U7: ='08_ResidentHouseholdsbyPlanning'!U7/'08_ResidentHouseholdsbyPlanning'!$B7 -> 0.13055276
A8: Bukit Panjang | B8: =SUM(C8:U8) -> 1.0000229 | C8: ='08_ResidentHouseholdsbyPlanning'!C8/'08_ResidentHouseholdsbyPlanning'!$B8 -> 0.10071134 | D8: ='08_ResidentHouseholdsbyPlanning'!D8/'08_ResidentHouseholdsbyPlanning'!$B8 -> 0.015052777 | E8: ='08_ResidentHouseholdsbyPlanning'!E8/'08_ResidentHouseholdsbyPlanning'!$B8 -> 0.038182653 | F8: ='08_ResidentHouseholdsbyPlanning'!F8/'08_ResidentHouseholdsbyPlanning'!$B8 -> 0.055323543 | G8: ='08_ResidentHouseholdsbyPlanning'!G8/'08_ResidentHouseholdsbyPlanning'!$B8 -> 0.058788435 | H8: ='08_ResidentHouseholdsbyPlanning'!H8/'08_ResidentHouseholdsbyPlanning'!$B8 -> 0.057273979 | I8: ='08_ResidentHouseholdsbyPlanning'!I8/'08_ResidentHouseholdsbyPlanning'!$B8 -> 0.060256999 | J8: ='08_ResidentHouseholdsbyPlanning'!J8/'08_ResidentHouseholdsbyPlanning'!$B8 -> 0.058352455 | ... U8: ='08_ResidentHouseholdsbyPlanning'!U8/'08_ResidentHouseholdsbyPlanning'!$B8 -> 0.12427719
A9: Bukit Timah | B9: =SUM(C9:U9) -> 1.0000406 | C9: ='08_ResidentHouseholdsbyPlanning'!C9/'08_ResidentHouseholdsbyPlanning'!$B9 -> 0.15626524 | D9: ='08_ResidentHouseholdsbyPlanning'!D9/'08_ResidentHouseholdsbyPlanning'!$B9 -> 0.011945392 | E9: ='08_ResidentHouseholdsbyPlanning'!E9/'08_ResidentHouseholdsbyPlanning'!$B9 -> 0.014789534 | F9: ='08_ResidentHouseholdsbyPlanning'!F9/'08_ResidentHouseholdsbyPlanning'!$B9 -> 0.018486917 | G9: ='08_ResidentHouseholdsbyPlanning'!G9/'08_ResidentHouseholdsbyPlanning'!$B9 -> 0.014180075 | H9: ='08_ResidentHouseholdsbyPlanning'!H9/'08_ResidentHouseholdsbyPlanning'!$B9 -> 0.019583943 | I9: ='08_ResidentHouseholdsbyPlanning'!I9/'08_ResidentHouseholdsbyPlanning'!$B9 -> 0.022428084 | J9: ='08_ResidentHouseholdsbyPlanning'!J9/'08_ResidentHouseholdsbyPlanning'!$B9 -> 0.019705835 | ... U9: ='08_ResidentHouseholdsbyPlanning'!U9/'08_ResidentHouseholdsbyPlanning'!$B9 -> 0.45485942
A10: Choa Chu Kang | B10: =SUM(C10:U10) -> 0.99998277 | C10: ='08_ResidentHouseholdsbyPlanning'!C10/'08_ResidentHouseholdsbyPlanning'!$B10 -> 0.076916448 | D10: ='08_ResidentHouseholdsbyPlanning'!D10/'08_ResidentHouseholdsbyPlanning'!$B10 -> 0.015390183 | E10: ='08_ResidentHouseholdsbyPlanning'!E10/'08_ResidentHouseholdsbyPlanning'!$B10 -> 0.035588722 | F10: ='08_ResidentHouseholdsbyPlanning'!F10/'08_ResidentHouseholdsbyPlanning'!$B10 -> 0.047842272 | G10: ='08_ResidentHouseholdsbyPlanning'!G10/'08_ResidentHouseholdsbyPlanning'!$B10 -> 0.049289949 | H10: ='08_ResidentHouseholdsbyPlanning'!H10/'08_ResidentHouseholdsbyPlanning'!$B10 -> 0.052857438 | I10: ='08_ResidentHouseholdsbyPlanning'!I10/'08_ResidentHouseholdsbyPlanning'!$B10 -> 0.057321109 | J10: ='08_ResidentHouseholdsbyPlanning'!J10/'08_ResidentHouseholdsbyPlanning'!$B10 -> 0.057907073 | ... U10: ='08_ResidentHouseholdsbyPlanning'!U10/'08_ResidentHouseholdsbyPlanning'!$B10 -> 0.11353923
A11: Clementi | B11: =SUM(C11:U11) -> 0.99997025 | C11: ='08_ResidentHouseholdsbyPlanning'!C11/'08_ResidentHouseholdsbyPlanning'!$B11 -> 0.17822607 | D11: ='08_ResidentHouseholdsbyPlanning'!D11/'08_ResidentHouseholdsbyPlanning'!$B11 -> 0.023922164 | E11: ='08_ResidentHouseholdsbyPlanning'!E11/'08_ResidentHouseholdsbyPlanning'!$B11 -> 0.049272516 | F11: ='08_ResidentHouseholdsbyPlanning'!F11/'08_ResidentHouseholdsbyPlanning'!$B11 -> 0.044868934 | G11: ='08_ResidentHouseholdsbyPlanning'!G11/'08_ResidentHouseholdsbyPlanning'!$B11 -> 0.046059091 | H11: ='08_ResidentHouseholdsbyPlanning'!H11/'08_ResidentHouseholdsbyPlanning'!$B11 -> 0.042220834 | I11: ='08_ResidentHouseholdsbyPlanning'!I11/'08_ResidentHouseholdsbyPlanning'!$B11 -> 0.047398018 | J11: ='08_ResidentHouseholdsbyPlanning'!J11/'08_ResidentHouseholdsbyPlanning'!$B11 -> 0.04567229 | ... U11: ='08_ResidentHouseholdsbyPlanning'!U11/'08_ResidentHouseholdsbyPlanning'!$B11 -> 0.17986254
A12: Downtown Core | B12: =SUM(C12:U12) -> 1 | C12: ='08_ResidentHouseholdsbyPlanning'!C12/'08_ResidentHouseholdsbyPlanning'!$B12 -> 0.11312217 | D12: ='08_ResidentHouseholdsbyPlanning'!D12/'08_ResidentHouseholdsbyPlanning'!$B12 -> 0.013574661 | E12: ='08_ResidentHouseholdsbyPlanning'!E12/'08_ResidentHouseholdsbyPlanning'!$B12 -> 0.014221073 | F12: ='08_ResidentHouseholdsbyPlanning'!F12/'08_ResidentHouseholdsbyPlanning'!$B12 -> 0.020685197 | G12: ='08_ResidentHouseholdsbyPlanning'!G12/'08_ResidentHouseholdsbyPlanning'!$B12 -> 0.01616031 | H12: ='08_ResidentHouseholdsbyPlanning'!H12/'08_ResidentHouseholdsbyPlanning'!$B12 -> 0.030381383 | I12: ='08_ResidentHouseholdsbyPlanning'!I12/'08_ResidentHouseholdsbyPlanning'!$B12 -> 0.031027796 | J12: ='08_ResidentHouseholdsbyPlanning'!J12/'08_ResidentHouseholdsbyPlanning'!$B12 -> 0.029088559 | ... U12: ='08_ResidentHouseholdsbyPlanning'!U12/'08_ResidentHouseholdsbyPlanning'!$B12 -> 0.40853264
A13: Geylang | B13: =SUM(C13:U13) -> 0.99992867 | C13: ='08_ResidentHouseholdsbyPlanning'!C13/'08_ResidentHouseholdsbyPlanning'!$B13 -> 0.16621493 | D13: ='08_ResidentHouseholdsbyPlanning'!D13/'08_ResidentHouseholdsbyPlanning'!$B13 -> 0.024488825 | E13: ='08_ResidentHouseholdsbyPlanning'!E13/'08_ResidentHouseholdsbyPlanning'!$B13 -> 0.067189729 | F13: ='08_ResidentHouseholdsbyPlanning'!F13/'08_ResidentHouseholdsbyPlanning'!$B13 -> 0.067736567 | G13: ='08_ResidentHouseholdsbyPlanning'!G13/'08_ResidentHouseholdsbyPlanning'!$B13 -> 0.063504517 | H13: ='08_ResidentHouseholdsbyPlanning'!H13/'08_ResidentHouseholdsbyPlanning'!$B13 -> 0.056657156 | I13: ='08_ResidentHouseholdsbyPlanning'!I13/'08_ResidentHouseholdsbyPlanning'!$B13 -> 0.05615787 | J13: ='08_ResidentHouseholdsbyPlanning'!J13/'08_ResidentHouseholdsbyPlanning'!$B13 -> 0.050237756 | ... U13: ='08_ResidentHouseholdsbyPlanning'!U13/'08_ResidentHouseholdsbyPlanning'!$B13 -> 0.11759391
... A33: Others | B33: =SUM(C33:U33) -> 1.0000817 | C33: ='08_ResidentHouseholdsbyPlanning'!C33/'08_ResidentHouseholdsbyPlanning'!$B33 -> 0.13880487 | D33: ='08_ResidentHouseholdsbyPlanning'!D33/'08_ResidentHouseholdsbyPlanning'!$B33 -> 0.011362707 | E33: ='08_ResidentHouseholdsbyPlanning'!E33/'08_ResidentHouseholdsbyPlanning'!$B33 -> 0.039973841 | F33: ='08_ResidentHouseholdsbyPlanning'!F33/'08_ResidentHouseholdsbyPlanning'!$B33 -> 0.047085752 | G33: ='08_ResidentHouseholdsbyPlanning'!G33/'08_ResidentHouseholdsbyPlanning'!$B33 -> 0.032534946 | H33: ='08_ResidentHouseholdsbyPlanning'!H33/'08_ResidentHouseholdsbyPlanning'!$B33 -> 0.035641298 | I33: ='08_ResidentHouseholdsbyPlanning'!I33/'08_ResidentHouseholdsbyPlanning'!$B33 -> 0.045369084 | J33: ='08_ResidentHouseholdsbyPlanning'!J33/'08_ResidentHouseholdsbyPlanning'!$B33 -> 0.046023052 | ... U33: ='08_ResidentHouseholdsbyPlanning'!U33/'08_ResidentHouseholdsbyPlanning'!$B33 -> 0.30172484
A35: Share of each income bracket within each Planning Area

Sheet 100% Vertical
A1: Number | B1: Total | C1: NoEmployedPerson | D1: Below_1_000 | E1: 1_000_1_999 | F1: 2_000_2_999 | G1: 3_000_3_999 | H1: 4_000_4_999 | I1: 5_000_5_999 | J1: 6_000_6_999 | K1: 7_000_7_999 | L1: 8_000_8_999 | M1: 9_000_9_999 | N1: 10_000_10_999 | O1: 11_000_11_999 | P1: 12_000_12_999 | Q1: 13_000_13_999 | R1: 14_000_14_999 | S1: 15_000_17_499 | T1: 17_500_19_999 | U1: 20_000andOver
A2: Total | B2: =SUM(B3:B33) -> 1.0000007 | C2: =SUM(C3:C33) -> 0.99999452 | D2: =SUM(D3:D33) -> 1.0000371 | E2: =SUM(E3:E33) -> 1.0000142 | F2: =SUM(F3:F33) -> 1 | G2: =SUM(G3:G33) -> 0.99997304 | H2: =SUM(H3:H33) -> 1.0000142 | I2: =SUM(I3:I33) -> 1.0000137 | ... U2: =SUM(U3:U33) -> 0.99999478
A3: Ang Mo Kio | B3: ='08_ResidentHouseholdsbyPlanning'!B3/'08_ResidentHouseholdsbyPlanning'!B$2 -> 0.043874252 | C3: ='08_ResidentHouseholdsbyPlanning'!C3/'08_ResidentHouseholdsbyPlanning'!C$2 -> 0.062786045 | D3: ='08_ResidentHouseholdsbyPlanning'!D3/'08_ResidentHouseholdsbyPlanning'!D$2 -> 0.057916775 | E3: ='08_ResidentHouseholdsbyPlanning'!E3/'08_ResidentHouseholdsbyPlanning'!E$2 -> 0.059956323 | F3: ='08_ResidentHouseholdsbyPlanning'!F3/'08_ResidentHouseholdsbyPlanning'!F$2 -> 0.051418081 | G3: ='08_ResidentHouseholdsbyPlanning'!G3/'08_ResidentHouseholdsbyPlanning'!G$2 -> 0.054397649 | H3: ='08_ResidentHouseholdsbyPlanning'!H3/'08_ResidentHouseholdsbyPlanning'!H$2 -> 0.047546164 | I3: ='08_ResidentHouseholdsbyPlanning'!I3/'08_ResidentHouseholdsbyPlanning'!I$2 -> 0.043147589 | ... U3: ='08_ResidentHouseholdsbyPlanning'!U3/'08_ResidentHouseholdsbyPlanning'!U$2 -> 0.03411447
A4: Bedok | B4: ='08_ResidentHouseholdsbyPlanning'!B4/'08_ResidentHouseholdsbyPlanning'!B$2 -> 0.071072355 | C4: ='08_ResidentHouseholdsbyPlanning'!C4/'08_ResidentHouseholdsbyPlanning'!C$2 -> 0.092181205 | D4: ='08_ResidentHouseholdsbyPlanning'!D4/'08_ResidentHouseholdsbyPlanning'!D$2 -> 0.081631897 | E4: ='08_ResidentHouseholdsbyPlanning'!E4/'08_ResidentHouseholdsbyPlanning'!E$2 -> 0.074846139 | F4: ='08_ResidentHouseholdsbyPlanning'!F4/'08_ResidentHouseholdsbyPlanning'!F$2 -> 0.075457515 | G4: ='08_ResidentHouseholdsbyPlanning'!G4/'08_ResidentHouseholdsbyPlanning'!G$2 -> 0.074350194 | H4: ='08_ResidentHouseholdsbyPlanning'!H4/'08_ResidentHouseholdsbyPlanning'!H$2 -> 0.066210337 | I4: ='08_ResidentHouseholdsbyPlanning'!I4/'08_ResidentHouseholdsbyPlanning'!I$2 -> 0.068954217 | ... U4: ='08_ResidentHouseholdsbyPlanning'!U4/'08_ResidentHouseholdsbyPlanning'!U$2 -> 0.089662772
A5: Bishan | B5: ='08_ResidentHouseholdsbyPlanning'!B5/'08_ResidentHouseholdsbyPlanning'!B$2 -> 0.02145263 | C5: ='08_ResidentHouseholdsbyPlanning'!C5/'08_ResidentHouseholdsbyPlanning'!C$2 -> 0.02418263 | D5: ='08_ResidentHouseholdsbyPlanning'!D5/'08_ResidentHouseholdsbyPlanning'!D$2 -> 0.018823878 | E5: ='08_ResidentHouseholdsbyPlanning'!E5/'08_ResidentHouseholdsbyPlanning'!E$2 -> 0.013939703 | F5: ='08_ResidentHouseholdsbyPlanning'!F5/'08_ResidentHouseholdsbyPlanning'!F$2 -> 0.013154471 | G5: ='08_ResidentHouseholdsbyPlanning'!G5/'08_ResidentHouseholdsbyPlanning'!G$2 -> 0.016878775 | H5: ='08_ResidentHouseholdsbyPlanning'!H5/'08_ResidentHouseholdsbyPlanning'!H$2 -> 0.013930814 | I5: ='08_ResidentHouseholdsbyPlanning'!I5/'08_ResidentHouseholdsbyPlanning'!I$2 -> 0.016822098 | ... U5: ='08_ResidentHouseholdsbyPlanning'!U5/'08_ResidentHouseholdsbyPlanning'!U$2 -> 0.036015522
A6: Bukit Batok | B6: ='08_ResidentHouseholdsbyPlanning'!B6/'08_ResidentHouseholdsbyPlanning'!B$2 -> 0.039558955 | C6: ='08_ResidentHouseholdsbyPlanning'!C6/'08_ResidentHouseholdsbyPlanning'!C$2 -> 0.032793445 | D6: ='08_ResidentHouseholdsbyPlanning'!D6/'08_ResidentHouseholdsbyPlanning'!D$2 -> 0.031385482 | E6: ='08_ResidentHouseholdsbyPlanning'!E6/'08_ResidentHouseholdsbyPlanning'!E$2 -> 0.047193624 | F6: ='08_ResidentHouseholdsbyPlanning'!F6/'08_ResidentHouseholdsbyPlanning'!F$2 -> 0.043453121 | G6: ='08_ResidentHouseholdsbyPlanning'!G6/'08_ResidentHouseholdsbyPlanning'!G$2 -> 0.042601381 | H6: ='08_ResidentHouseholdsbyPlanning'!H6/'08_ResidentHouseholdsbyPlanning'!H$2 -> 0.044839363 | I6: ='08_ResidentHouseholdsbyPlanning'!I6/'08_ResidentHouseholdsbyPlanning'!I$2 -> 0.043994156 | ... U6: ='08_ResidentHouseholdsbyPlanning'!U6/'08_ResidentHouseholdsbyPlanning'!U$2 -> 0.037300298
A7: Bukit Merah | B7: ='08_ResidentHouseholdsbyPlanning'!B7/'08_ResidentHouseholdsbyPlanning'!B$2 -> 0.043495398 | C7: ='08_ResidentHouseholdsbyPlanning'!C7/'08_ResidentHouseholdsbyPlanning'!C$2 -> 0.068206857 | D7: ='08_ResidentHouseholdsbyPlanning'!D7/'08_ResidentHouseholdsbyPlanning'!D$2 -> 0.070367214 | E7: ='08_ResidentHouseholdsbyPlanning'!E7/'08_ResidentHouseholdsbyPlanning'!E$2 -> 0.064990499 | F7: ='08_ResidentHouseholdsbyPlanning'!F7/'08_ResidentHouseholdsbyPlanning'!F$2 -> 0.050073723 | G7: ='08_ResidentHouseholdsbyPlanning'!G7/'08_ResidentHouseholdsbyPlanning'!G$2 -> 0.04668626 | H7: ='08_ResidentHouseholdsbyPlanning'!H7/'08_ResidentHouseholdsbyPlanning'!H$2 -> 0.033147684 | I7: ='08_ResidentHouseholdsbyPlanning'!I7/'08_ResidentHouseholdsbyPlanning'!I$2 -> 0.034695577 | ... U7: ='08_ResidentHouseholdsbyPlanning'!U7/'08_ResidentHouseholdsbyPlanning'!U$2 -> 0.040705478
A8: Bukit Panjang | B8: ='08_ResidentHouseholdsbyPlanning'!B8/'08_ResidentHouseholdsbyPlanning'!B$2 -> 0.031750912 | C8: ='08_ResidentHouseholdsbyPlanning'!C8/'08_ResidentHouseholdsbyPlanning'!C$2 -> 0.024056565 | D8: ='08_ResidentHouseholdsbyPlanning'!D8/'08_ResidentHouseholdsbyPlanning'!D$2 -> 0.024308 | E8: ='08_ResidentHouseholdsbyPlanning'!E8/'08_ResidentHouseholdsbyPlanning'!E$2 -> 0.023596812 | F8: ='08_ResidentHouseholdsbyPlanning'!F8/'08_ResidentHouseholdsbyPlanning'!F$2 -> 0.034852121 | G8: ='08_ResidentHouseholdsbyPlanning'!G8/'08_ResidentHouseholdsbyPlanning'!G$2 -> 0.034539474 | H8: ='08_ResidentHouseholdsbyPlanning'!H8/'08_ResidentHouseholdsbyPlanning'!H$2 -> 0.035372646 | I8: ='08_ResidentHouseholdsbyPlanning'!I8/'08_ResidentHouseholdsbyPlanning'!I$2 -> 0.035856193 | ... U8: ='08_ResidentHouseholdsbyPlanning'!U8/'08_ResidentHouseholdsbyPlanning'!U$2 -> 0.028285972
A9: Bukit Timah | B9: ='08_ResidentHouseholdsbyPlanning'!B9/'08_ResidentHouseholdsbyPlanning'!B$2 -> 0.01793147 | C9: ='08_ResidentHouseholdsbyPlanning'!C9/'08_ResidentHouseholdsbyPlanning'!C$2 -> 0.021080326 | D9: ='08_ResidentHouseholdsbyPlanning'!D9/'08_ResidentHouseholdsbyPlanning'!D$2 -> 0.010894134 | E9: ='08_ResidentHouseholdsbyPlanning'!E9/'08_ResidentHouseholdsbyPlanning'!E$2 -> 0.0051618027 | F9: ='08_ResidentHouseholdsbyPlanning'!F9/'08_ResidentHouseholdsbyPlanning'!F$2 -> 0.0065772355 | G9: ='08_ResidentHouseholdsbyPlanning'!G9/'08_ResidentHouseholdsbyPlanning'!G$2 -> 0.0047050259 | H9: ='08_ResidentHouseholdsbyPlanning'!H9/'08_ResidentHouseholdsbyPlanning'!H$2 -> 0.0068307753 | I9: ='08_ResidentHouseholdsbyPlanning'!I9/'08_ResidentHouseholdsbyPlanning'!I$2 -> 0.0075371738 | ... U9: ='08_ResidentHouseholdsbyPlanning'!U9/'08_ResidentHouseholdsbyPlanning'!U$2 -> 0.058467774
A10: Choa Chu Kang | B10: ='08_ResidentHouseholdsbyPlanning'!B10/'08_ResidentHouseholdsbyPlanning'!B$2 -> 0.042274321 | C10: ='08_ResidentHouseholdsbyPlanning'!C10/'08_ResidentHouseholdsbyPlanning'!C$2 -> 0.024462167 | D10: ='08_ResidentHouseholdsbyPlanning'!D10/'08_ResidentHouseholdsbyPlanning'!D$2 -> 0.033090006 | E10: ='08_ResidentHouseholdsbyPlanning'!E10/'08_ResidentHouseholdsbyPlanning'!E$2 -> 0.029283304 | F10: ='08_ResidentHouseholdsbyPlanning'!F10/'08_ResidentHouseholdsbyPlanning'!F$2 -> 0.040128365 | G10: ='08_ResidentHouseholdsbyPlanning'!G10/'08_ResidentHouseholdsbyPlanning'!G$2 -> 0.038556946 | H10: ='08_ResidentHouseholdsbyPlanning'!H10/'08_ResidentHouseholdsbyPlanning'!H$2 -> 0.043464705 | I10: ='08_ResidentHouseholdsbyPlanning'!I10/'08_ResidentHouseholdsbyPlanning'!I$2 -> 0.045414203 | ... U10: ='08_ResidentHouseholdsbyPlanning'!U10/'08_ResidentHouseholdsbyPlanning'!U$2 -> 0.03440694
A11: Clementi | B11: ='08_ResidentHouseholdsbyPlanning'!B11/'08_ResidentHouseholdsbyPlanning'!B$2 -> 0.024486379 | C11: ='08_ResidentHouseholdsbyPlanning'!C11/'08_ResidentHouseholdsbyPlanning'!C$2 -> 0.032831812 | D11: ='08_ResidentHouseholdsbyPlanning'!D11/'08_ResidentHouseholdsbyPlanning'!D$2 -> 0.029792122 | E11: ='08_ResidentHouseholdsbyPlanning'!E11/'08_ResidentHouseholdsbyPlanning'!E$2 -> 0.023483366 | F11: ='08_ResidentHouseholdsbyPlanning'!F11/'08_ResidentHouseholdsbyPlanning'!F$2 -> 0.021798838 | G11: ='08_ResidentHouseholdsbyPlanning'!G11/'08_ResidentHouseholdsbyPlanning'!G$2 -> 0.020869284 | H11: ='08_ResidentHouseholdsbyPlanning'!H11/'08_ResidentHouseholdsbyPlanning'!H$2 -> 0.020109689 | I11: ='08_ResidentHouseholdsbyPlanning'!I11/'08_ResidentHouseholdsbyPlanning'!I$2 -> 0.021751301 | ... U11: ='08_ResidentHouseholdsbyPlanning'!U11/'08_ResidentHouseholdsbyPlanning'!U$2 -> 0.031571031
A12: Downtown Core | B12: ='08_ResidentHouseholdsbyPlanning'!B12/'08_ResidentHouseholdsbyPlanning'!B$2 -> 0.0011270918 | C12: ='08_ResidentHouseholdsbyPlanning'!C12/'08_ResidentHouseholdsbyPlanning'!C$2 -> 0.00095919318 | D12: ='08_ResidentHouseholdsbyPlanning'!D12/'08_ResidentHouseholdsbyPlanning'!D$2 -> 0.00077815244 | E12: ='08_ResidentHouseholdsbyPlanning'!E12/'08_ResidentHouseholdsbyPlanning'!E$2 -> 0.00031197708 | F12: ='08_ResidentHouseholdsbyPlanning'!F12/'08_ResidentHouseholdsbyPlanning'!F$2 -> 0.00046257481 | G12: ='08_ResidentHouseholdsbyPlanning'!G12/'08_ResidentHouseholdsbyPlanning'!G$2 -> 0.00033703624 | H12: ='08_ResidentHouseholdsbyPlanning'!H12/'08_ResidentHouseholdsbyPlanning'!H$2 -> 0.00066607145 | I12: ='08_ResidentHouseholdsbyPlanning'!I12/'08_ResidentHouseholdsbyPlanning'!I$2 -> 0.00065540642 | ... U12: ='08_ResidentHouseholdsbyPlanning'!U12/'08_ResidentHouseholdsbyPlanning'!U$2 -> 0.0033007265
A13: Geylang | B13: ='08_ResidentHouseholdsbyPlanning'!B13/'08_ResidentHouseholdsbyPlanning'!B$2 -> 0.030643491 | C13: ='08_ResidentHouseholdsbyPlanning'!C13/'08_ResidentHouseholdsbyPlanning'!C$2 -> 0.038318397 | D13: ='08_ResidentHouseholdsbyPlanning'!D13/'08_ResidentHouseholdsbyPlanning'!D$2 -> 0.038166525 | E13: ='08_ResidentHouseholdsbyPlanning'!E13/'08_ResidentHouseholdsbyPlanning'!E$2 -> 0.040074875 | F13: ='08_ResidentHouseholdsbyPlanning'!F13/'08_ResidentHouseholdsbyPlanning'!F$2 -> 0.041183613 | G13: ='08_ResidentHouseholdsbyPlanning'!G13/'08_ResidentHouseholdsbyPlanning'!G$2 -> 0.036008952 | H13: ='08_ResidentHouseholdsbyPlanning'!H13/'08_ResidentHouseholdsbyPlanning'!H$2 -> 0.03377124 | I13: ='08_ResidentHouseholdsbyPlanning'!I13/'08_ResidentHouseholdsbyPlanning'!I$2 -> 0.032251458 | ... U13: ='08_ResidentHouseholdsbyPlanning'!U13/'08_ResidentHouseholdsbyPlanning'!U$2 -> 0.025831318
A14: Hougang | B14: ='08_ResidentHouseholdsbyPlanning'!B14/'08_ResidentHouseholdsbyPlanning'!B$2 -> 0.054721874 | C14: ='08_ResidentHouseholdsbyPlanning'!C14/'08_ResidentHouseholdsbyPlanning'!C$2 -> 0.046605826 | D14: ='08_ResidentHouseholdsbyPlanning'!D14/'08_ResidentHouseholdsbyPlanning'!D$2 -> 0.054655945 | E14: ='08_ResidentHouseholdsbyPlanning'!E14/'08_ResidentHouseholdsbyPlanning'!E$2 -> 0.05660966 | F14: ='08_ResidentHouseholdsbyPlanning'!F14/'08_ResidentHouseholdsbyPlanning'!F$2 -> 0.064456908 | G14: ='08_ResidentHouseholdsbyPlanning'!G14/'08_ResidentHouseholdsbyPlanning'!G$2 -> 0.058051122 | H14: ='08_ResidentHouseholdsbyPlanning'!H14/'08_ResidentHouseholdsbyPlanning'!H$2 -> 0.05723963 | I14: ='08_ResidentHouseholdsbyPlanning'!I14/'08_ResidentHouseholdsbyPlanning'!I$2 -> 0.056515149 | ... U14: ='08_ResidentHouseholdsbyPlanning'!U14/'08_ResidentHouseholdsbyPlanning'!U$2 -> 0.050294297
... A33: Others | B33: ='08_ResidentHouseholdsbyPlanning'!B33/'08_ResidentHouseholdsbyPlanning'!B$2 -> 0.0089125495 | C33: ='08_ResidentHouseholdsbyPlanning'!C33/'08_ResidentHouseholdsbyPlanning'!C$2 -> 0.0093069144 | D33: ='08_ResidentHouseholdsbyPlanning'!D33/'08_ResidentHouseholdsbyPlanning'!D$2 -> 0.0051506281 | E33: ='08_ResidentHouseholdsbyPlanning'!E33/'08_ResidentHouseholdsbyPlanning'!E$2 -> 0.0069343997 | F33: ='08_ResidentHouseholdsbyPlanning'!F33/'08_ResidentHouseholdsbyPlanning'!F$2 -> 0.0083263465 | G33: ='08_ResidentHouseholdsbyPlanning'!G33/'08_ResidentHouseholdsbyPlanning'!G$2 -> 0.0053656169 | H33: ='08_ResidentHouseholdsbyPlanning'!H33/'08_ResidentHouseholdsbyPlanning'!H$2 -> 0.0061788756 | I33: ='08_ResidentHouseholdsbyPlanning'!I33/'08_ResidentHouseholdsbyPlanning'!I$2 -> 0.0075781367 | ... U33: ='08_ResidentHouseholdsbyPlanning'!U33/'08_ResidentHouseholdsbyPlanning'!U$2 -> 0.019276869
A35: Share of each Planning Area within each income bracket
